triangle_id,a,b,c
0,0,3,1
1,1,6,4
2,0,1,8
3,0,8,2
4,1,4,9
5,0,2,3
6,1,3,6
7,4,7,5
8,5,20,18
9,4,5,11
10,5,18,12
11,4,6,7
12,5,7,20
13,1,9,8
14,2,8,10
15,4,11,9
16,5,12,11
17,2,14,3
18,2,13,14
19,3,15,6
20,3,14,15
21,2,10,13
22,13,39,14
23,14,40,15
24,13,17,38
25,6,16,7
26,6,15,16
27,7,25,20
28,7,16,25
29,15,41,16
30,16,56,25
31,10,17,13
32,18,21,19
33,18,19,22
34,18,20,21
35,19,21,24
36,12,18,22
37,19,23,22
38,19,24,23
39,20,26,21
40,20,25,26
41,21,26,27
42,25,57,26
43,21,27,24
44,26,58,27
45,8,9,28
46,8,28,10
47,9,11,29
48,11,12,33
49,10,28,30
50,9,29,28
51,11,33,29
52,10,30,17
53,17,31,66
54,17,30,31
55,31,67,66
56,12,22,32
57,22,23,34
58,12,32,33
59,22,34,32
60,23,35,34
61,23,36,35
62,23,24,36
63,32,75,33
64,32,34,72
65,34,35,84
66,35,36,85
67,24,27,37
68,24,37,36
69,27,69,37
70,37,69,70
71,36,37,87
72,37,70,115
73,13,38,39
74,14,39,40
75,38,44,39
76,38,43,44
77,39,47,40
78,39,44,47
79,38,42,43
80,15,40,41
81,16,41,56
82,40,48,41
83,40,47,48
84,41,59,56
85,41,48,59
86,17,42,38
87,42,51,43
88,43,46,44
89,44,49,47
90,43,51,45
91,43,45,46
92,44,46,49
93,45,52,46
94,46,53,49
95,47,50,48
96,48,61,59
97,47,49,50
98,48,50,61
99,49,54,50
100,50,55,61
101,45,51,52
102,46,52,53
103,49,53,54
104,50,54,55
105,25,56,57
106,26,57,58
107,56,60,57
108,56,59,60
109,57,60,63
110,57,63,58
111,27,58,69
112,58,63,69
113,59,62,60
114,59,61,62
115,61,64,62
116,60,62,65
117,60,65,63
118,55,64,61
119,62,64,65
120,55,71,64
121,64,71,65
122,63,65,69
123,17,68,42
124,17,66,68
125,42,68,51
126,51,68,52
127,52,68,53
128,53,71,54
129,53,68,71
130,54,71,55
131,65,71,69
132,35,83,84
133,35,85,83
134,36,87,85
135,37,115,87
136,28,29,73
137,28,73,30
138,30,74,31
139,31,77,67
140,29,33,76
141,29,76,73
142,33,75,76
143,30,73,74
144,32,72,75
145,34,84,72
146,73,76,92
147,75,91,76
148,31,74,77
149,77,78,67
150,73,92,74
151,74,92,93
152,74,93,77
153,77,93,96
154,77,96,79
155,77,79,78
156,79,80,78
157,80,82,78
158,82,81,78
159,82,125,81
160,79,96,122
161,79,122,80
162,80,122,123
163,80,123,82
164,82,123,125
165,124,81,125
166,83,86,84
167,83,85,89
168,72,94,75
169,72,84,95
170,72,95,94
171,84,86,95
172,83,88,86
173,83,89,88
174,85,87,90
175,87,115,117
176,85,90,89
177,87,117,90
178,86,88,98
179,88,89,100
180,88,100,97
181,89,90,109
182,89,109,100
183,90,128,109
184,76,91,92
185,75,94,91
186,91,94,106
187,91,103,92
188,92,103,93
189,93,104,96
190,96,112,122
191,86,99,95
192,94,95,105
193,95,99,105
194,88,97,98
195,86,98,99
196,97,101,98
197,98,102,99
198,97,100,101
199,98,101,102
200,91,106,103
201,94,105,106
202,103,106,104
203,93,103,104
204,99,107,105
205,105,108,106
206,99,102,107
207,105,107,108
208,104,106,108
209,100,110,101
210,100,109,110
211,101,111,102
212,101,110,111
213,109,129,110
214,110,130,111
215,96,104,112
216,104,108,112
217,112,114,131
218,102,113,107
219,102,111,113
220,107,113,114
221,107,114,108
222,108,114,112
223,111,132,113
224,113,133,114
225,116,120,81
226,126,127,81
227,116,81,127
228,90,117,118
229,90,118,128
230,118,117,120
231,118,119,134
232,118,134,128
233,118,120,119
234,119,120,121
235,116,121,120
236,119,121,137
237,116,138,121
238,119,137,134
239,122,131,123
240,124,126,81
241,124,145,126
242,123,140,125
243,124,125,141
244,109,128,129
245,110,129,130
246,128,135,129
247,128,134,135
248,129,136,130
249,129,135,136
250,112,131,122
251,123,131,140
252,131,133,140
253,111,130,132
254,113,132,133
255,114,133,131
256,130,142,132
257,130,136,142
258,132,142,143
259,132,143,133
260,133,143,140
261,116,127,139
262,126,144,127
263,127,144,139
264,134,138,135
265,135,139,136
266,121,138,137
267,116,139,138
268,134,137,138
269,135,138,139
270,140,143,141
271,124,141,145
272,126,145,144
273,125,140,141
274,136,144,142
275,142,145,143
276,136,139,144
277,142,144,145
278,141,143,145
279,68,66,69
280,66,67,69
281,67,70,69
282,70,67,115
283,68,69,71
284,67,78,115
285,81,117,78
286,117,115,78
287,120,117,81
