triangle_id,a,b,c
0,0,4,1
1,0,2,4
2,0,1,3
3,0,3,2
4,1,4,5
5,2,6,4
6,1,7,8
7,1,5,7
8,7,9,20
9,1,8,3
10,7,21,8
11,5,9,7
12,9,29,20
13,2,11,10
14,2,10,6
15,2,3,11
16,10,35,12
17,10,11,36
18,6,10,12
19,3,8,13
20,3,13,11
21,8,26,13
22,11,13,38
23,4,14,5
24,4,6,14
25,5,14,15
26,5,15,9
27,9,15,17
28,6,16,14
29,14,70,15
30,14,16,70
31,15,71,17
32,9,17,29
33,17,72,18
34,17,18,29
35,6,12,16
36,12,19,16
37,12,37,19
38,16,19,73
39,19,49,78
40,7,20,21
41,20,24,21
42,20,29,22
43,22,29,30
44,20,22,24
45,22,30,23
46,22,23,25
47,22,25,24
48,8,21,26
49,21,27,26
50,13,26,55
51,21,24,27
52,26,27,56
53,24,28,27
54,24,25,28
55,27,28,57
56,18,30,29
57,18,31,30
58,30,31,32
59,31,108,32
60,33,108,109
61,23,30,32
62,23,32,25
63,25,32,33
64,32,108,33
65,34,109,110
66,25,33,28
67,28,33,34
68,28,34,57
69,33,109,34
70,34,110,64
71,10,36,35
72,35,40,39
73,35,39,37
74,35,36,40
75,12,35,37
76,37,39,43
77,11,38,36
78,13,55,38
79,36,38,46
80,36,46,40
81,38,58,46
82,39,41,43
83,39,40,42
84,39,42,41
85,41,42,45
86,41,44,43
87,41,45,44
88,42,48,45
89,40,46,47
90,40,47,42
91,42,47,48
92,46,59,47
93,47,65,48
94,19,37,49
95,37,43,49
96,43,50,49
97,49,50,111
98,43,44,50
99,44,45,52
100,44,51,50
101,44,52,51
102,45,53,52
103,50,51,113
104,51,52,115
105,52,53,116
106,45,48,53
107,48,54,53
108,48,65,54
109,53,54,118
110,54,65,67
111,26,56,55
112,38,55,58
113,55,60,58
114,55,56,60
115,27,57,56
116,56,61,60
117,56,57,61
118,46,58,59
119,58,62,59
120,47,59,65
121,59,66,65
122,59,62,66
123,58,60,62
124,60,61,63
125,60,63,62
126,62,63,69
127,64,110,580
128,68,580,581
129,34,64,57
130,57,64,61
131,61,64,68
132,64,580,68
133,65,66,67
134,66,582,67
135,66,69,582
136,69,581,582
137,61,68,63
138,62,69,66
139,63,68,69
140,68,581,69
141,15,70,71
142,17,71,72
143,16,73,70
144,70,80,71
145,71,81,72
146,70,73,80
147,71,80,81
148,72,81,82
149,72,82,74
150,74,82,83
151,73,85,80
152,18,72,74
153,18,74,31
154,31,74,75
155,74,83,75
156,75,84,76
157,75,76,108
158,76,98,77
159,19,78,73
160,73,78,85
161,78,100,85
162,78,111,100
163,77,99,79
164,79,107,112
165,80,86,81
166,81,87,82
167,82,88,83
168,80,85,86
169,75,83,84
170,81,86,87
171,82,87,88
172,83,88,89
173,84,89,90
174,90,91,98
175,86,92,87
176,87,93,88
177,88,94,89
178,89,95,90
179,90,96,91
180,83,89,84
181,84,90,98
182,91,99,98
183,85,92,86
184,87,92,93
185,88,93,94
186,89,94,95
187,90,95,96
188,91,96,97
189,91,97,99
190,76,84,98
191,77,98,99
192,85,100,92
193,100,121,101
194,92,100,101
195,92,101,93
196,93,102,94
197,94,103,95
198,95,104,96
199,96,105,97
200,93,101,102
201,94,102,103
202,95,103,104
203,96,104,105
204,97,105,106
205,97,107,99
206,97,106,107
207,101,122,102
208,102,123,103
209,103,124,104
210,104,125,105
211,105,126,106
212,106,128,107
213,79,99,107
214,31,75,108
215,76,109,108
216,76,77,109
217,77,110,109
218,79,580,110
219,77,79,110
220,49,111,78
221,50,113,111
222,100,111,121
223,111,113,121
224,113,129,121
225,112,128,117
226,51,114,113
227,51,115,114
228,52,116,115
229,53,118,116
230,113,114,129
231,114,115,174
232,115,116,174
233,114,174,129
234,116,210,174
235,116,118,211
236,116,211,210
237,118,212,211
238,54,119,118
239,54,67,119
240,67,120,119
241,117,539,571
242,118,119,212
243,119,571,212
244,117,571,120
245,119,120,571
246,121,129,272
247,127,539,128
248,101,121,122
249,102,122,123
250,103,123,124
251,104,124,125
252,105,125,126
253,106,126,127
254,106,127,128
255,121,272,122
256,122,276,123
257,123,287,124
258,124,325,125
259,125,326,126
260,126,378,127
261,122,272,276
262,123,276,287
263,124,287,325
264,125,325,326
265,126,326,378
266,127,378,539
267,107,128,112
268,117,128,539
269,191,210,211
270,211,212,213
271,112,581,580
272,79,112,580
273,112,117,581
274,117,582,581
275,67,582,120
276,117,120,582
277,191,213,210
278,191,211,213
279,210,213,212
280,130,129,138
281,130,135,129
282,130,138,131
283,131,139,132
284,131,138,139
285,130,131,143
286,130,143,135
287,131,144,143
288,131,132,144
289,132,140,136
290,132,136,145
291,138,129,165
292,132,139,140
293,138,165,139
294,165,129,171
295,139,166,140
296,136,140,141
297,136,141,145
298,140,167,141
299,141,168,154
300,135,143,151
301,132,145,144
302,143,144,251
303,135,272,129
304,135,151,150
305,143,251,151
306,144,145,252
307,144,252,251
308,141,154,145
309,145,154,252
310,154,268,252
311,154,192,268
312,549,409,415
313,551,415,416
314,550,417,554
315,552,410,164
316,552,416,410
317,550,164,417
318,554,417,555
319,555,417,418
320,555,418,574
321,171,129,174
322,139,165,166
323,140,166,167
324,165,171,166
325,166,172,167
326,166,171,172
327,167,172,173
328,141,167,168
329,167,173,168
330,168,173,178
331,168,178,192
332,171,175,172
333,172,176,173
334,171,174,175
335,175,174,184
336,172,175,176
337,173,176,177
338,175,185,176
339,175,184,185
340,173,177,178
341,178,179,193
342,177,179,178
343,176,186,177
344,177,187,179
345,179,180,195
346,180,181,196
347,176,185,186
348,177,186,187
349,179,187,180
350,181,203,182
351,182,183,198
352,181,182,197
353,180,188,181
354,184,217,185
355,182,203,230
356,185,218,186
357,186,219,187
358,180,187,188
359,182,230,183
360,181,188,203
361,189,183,230
362,154,168,192
363,178,193,192
364,192,419,268
365,192,193,419
366,193,423,419
367,179,194,193
368,179,195,194
369,180,196,195
370,181,197,196
371,182,198,197
372,189,199,183
373,183,199,198
374,189,200,199
375,193,194,423
376,194,195,425
377,195,196,426
378,196,197,427
379,194,424,423
380,194,425,424
381,195,426,425
382,196,427,426
383,197,428,427
384,198,199,429
385,198,428,197
386,200,430,199
387,199,430,429
388,198,429,428
389,200,431,430
390,189,231,190
391,189,230,231
392,190,234,201
393,220,202,201
394,205,202,204
395,209,201,202
396,205,209,202
397,204,232,206
398,189,190,200
399,190,201,208
400,190,208,200
401,209,208,201
402,205,204,206
403,232,207,206
404,236,237,447
405,206,207,452
406,236,446,207
407,209,449,208
408,200,208,431
409,205,450,209
410,205,206,451
411,185,217,218
412,187,219,188
413,560,218,217
414,561,219,218
415,561,227,219
416,560,561,218
417,564,240,227
418,564,242,240
419,574,418,527
420,574,527,575
421,575,527,528
422,579,528,535
423,575,528,579
424,188,227,203
425,190,231,234
426,220,204,202
427,186,218,219
428,230,203,240
429,220,201,234
430,204,221,232
431,188,219,227
432,230,240,231
433,203,227,240
434,231,242,234
435,220,221,204
436,232,228,233
437,232,221,228
438,233,241,235
439,233,228,241
440,222,235,241
441,232,233,207
442,236,235,237
443,233,236,207
444,233,235,236
445,222,237,235
446,222,238,237
447,237,238,445
448,222,223,238
449,223,229,239
450,223,239,238
451,229,224,239
452,247,225,224
453,231,240,242
454,220,234,243
455,220,243,221
456,234,242,243
457,221,214,228
458,222,244,223
459,222,241,244
460,223,245,229
461,223,244,245
462,229,246,247
463,221,243,214
464,228,562,241
465,241,562,244
466,228,214,562
467,563,245,244
468,229,245,246
469,246,576,248
470,229,247,224
471,247,248,225
472,248,249,226
473,248,226,225
474,249,529,226
475,250,535,529
476,246,248,247
477,576,249,248
478,577,250,249
479,249,250,529
480,250,579,535
481,135,150,272
482,150,151,260
483,151,251,261
484,251,252,262
485,150,260,257
486,151,261,260
487,150,257,272
488,251,262,261
489,407,377,408
490,408,379,413
491,252,268,262
492,268,419,269
493,268,269,262
494,413,380,414
495,257,260,292
496,257,278,272
497,257,292,278
498,260,329,292
499,260,261,329
500,261,262,339
501,261,339,329
502,273,272,279
503,273,280,274
504,274,281,275
505,275,282,277
506,278,279,272
507,273,279,280
508,274,280,281
509,275,281,282
510,277,282,289
511,277,289,283
512,283,290,284
513,284,291,285
514,285,297,286
515,283,289,290
516,284,290,291
517,285,291,297
518,286,298,288
519,286,297,298
520,278,293,279
521,279,294,280
522,278,292,293
523,279,293,294
524,280,295,281
525,281,296,282
526,280,294,295
527,281,295,296
528,282,296,299
529,292,330,293
530,293,331,294
531,294,332,295
532,295,333,296
533,282,299,289
534,289,300,290
535,290,301,291
536,289,299,300
537,290,300,301
538,291,302,297
539,291,301,302
540,297,303,298
541,296,334,299
542,299,335,300
543,300,336,301
544,297,302,303
545,324,312,304
546,304,312,313
547,304,313,305
548,305,314,306
549,306,315,307
550,307,318,308
551,327,316,312
552,305,313,314
553,306,314,315
554,312,317,313
555,312,316,317
556,313,349,314
557,314,350,315
558,313,317,349
559,314,349,350
560,307,315,318
561,308,318,320
562,308,320,309
563,309,320,321
564,309,321,310
565,310,322,311
566,310,321,322
567,311,323,319
568,311,322,323
569,315,355,318
570,318,356,320
571,315,350,355
572,318,355,356
573,319,323,377
574,320,357,321
575,321,358,322
576,322,359,323
577,288,327,324
578,288,298,327
579,324,327,312
580,298,328,327
581,298,303,328
582,327,328,316
583,292,329,330
584,293,330,331
585,294,331,332
586,295,332,333
587,296,333,334
588,329,340,330
589,330,341,331
590,329,339,340
591,330,340,341
592,331,342,332
593,332,343,333
594,331,341,342
595,332,342,343
596,333,343,344
597,299,334,335
598,300,335,336
599,301,337,302
600,302,338,303
601,301,336,337
602,302,337,338
603,333,344,334
604,334,345,335
605,334,344,345
606,335,346,336
607,336,347,337
608,337,348,338
609,335,345,346
610,336,346,347
611,337,347,348
612,328,351,316
613,316,351,352
614,316,352,317
615,317,353,349
616,349,354,350
617,374,362,351
618,317,352,353
619,349,353,354
620,351,363,352
621,320,356,357
622,350,360,355
623,355,361,356
624,321,357,358
625,323,359,379
626,322,358,359
627,350,354,360
628,355,360,361
629,356,361,366
630,356,366,357
631,357,367,358
632,358,368,359
633,357,366,367
634,359,368,380
635,358,367,368
636,351,362,363
637,352,364,353
638,353,365,354
639,352,363,364
640,353,364,365
641,354,369,360
642,360,370,361
643,354,365,369
644,360,369,370
645,361,370,371
646,361,371,366
647,366,372,367
648,367,373,368
649,366,371,372
650,368,373,381
651,367,372,373
652,303,374,328
653,303,338,374
654,328,374,351
655,338,375,374
656,338,348,375
657,374,375,362
658,407,376,377
659,408,377,379
660,413,379,380
661,414,380,381
662,319,377,376
663,323,379,377
664,359,380,379
665,368,381,380
666,262,269,339
667,269,420,382
668,339,269,382
669,339,382,340
670,340,383,341
671,341,384,342
672,342,385,343
673,343,386,344
674,344,387,345
675,345,388,346
676,346,389,347
677,347,390,348
678,340,382,383
679,341,383,384
680,342,384,385
681,343,385,386
682,344,386,387
683,345,387,388
684,346,388,389
685,347,389,390
686,348,390,391
687,362,392,363
688,363,393,364
689,364,394,365
690,365,395,369
691,369,396,370
692,370,397,371
693,371,398,372
694,372,399,373
695,373,400,381
696,362,401,392
697,363,392,393
698,364,393,394
699,365,394,395
700,369,395,396
701,370,396,397
702,371,397,398
703,372,398,399
704,373,399,400
705,348,391,375
706,375,401,362
707,375,391,401
708,382,462,383
709,383,463,384
710,384,464,385
711,385,465,386
712,386,466,387
713,387,467,388
714,388,468,389
715,389,469,390
716,390,470,391
717,392,474,393
718,393,475,394
719,394,472,395
720,395,473,396
721,396,476,397
722,397,477,398
723,398,478,399
724,400,480,402
725,399,479,400
726,391,471,401
727,401,481,392
728,381,402,271
729,414,381,270
730,381,271,270
731,402,421,271
732,381,400,402
733,407,408,409
734,408,415,409
735,411,410,270
736,414,410,416
737,408,413,415
738,413,414,416
739,411,412,418
740,414,270,410
741,411,270,412
742,412,270,271
743,412,271,525
744,413,416,415
745,164,411,417
746,164,410,411
747,411,418,417
748,412,527,418
749,419,423,420
750,269,419,420
751,423,432,420
752,423,424,432
753,424,425,434
754,425,426,435
755,426,427,436
756,427,428,438
757,430,431,440
758,428,429,439
759,429,430,437
760,449,442,431
761,424,433,432
762,424,434,433
763,425,435,434
764,426,436,435
765,427,438,436
766,428,439,438
767,451,444,441
768,431,442,440
769,429,437,439
770,430,440,437
771,450,441,443
772,449,443,442
773,238,448,445
774,207,446,452
775,237,445,447
776,236,447,446
777,208,449,431
778,209,450,449
779,205,451,450
780,206,452,451
781,451,441,450
782,449,450,443
783,452,444,451
784,452,446,459
785,447,460,446
786,530,532,454
787,445,448,461
788,445,458,447
789,531,456,453
790,530,454,456
791,448,453,461
792,531,453,448
793,531,530,456
794,532,455,454
795,533,457,455
796,452,459,444
797,447,458,460
798,446,460,459
799,445,461,458
800,420,432,462
801,382,420,462
802,383,462,463
803,384,463,464
804,385,464,465
805,386,465,466
806,387,466,467
807,388,467,468
808,389,468,469
809,390,469,470
810,391,470,471
811,395,472,473
812,392,481,474
813,393,474,475
814,394,475,472
815,396,473,476
816,397,476,477
817,398,477,478
818,399,478,479
819,400,479,480
820,401,471,481
821,462,432,483
822,462,483,463
823,463,484,464
824,464,485,465
825,465,486,466
826,466,487,467
827,467,488,468
828,468,489,469
829,469,490,470
830,470,491,471
831,463,483,484
832,464,484,485
833,465,485,486
834,466,486,487
835,467,487,488
836,468,488,489
837,469,489,490
838,470,490,491
839,471,491,492
840,472,493,473
841,474,495,475
842,472,475,496
843,473,494,476
844,476,497,477
845,477,498,478
846,478,501,479
847,480,500,482
848,479,499,480
849,472,496,493
850,473,493,494
851,474,502,495
852,475,495,496
853,476,494,497
854,477,497,498
855,478,498,501
856,479,501,499
857,480,499,500
858,471,492,481
859,481,502,474
860,481,492,502
861,402,482,421
862,482,422,421
863,482,523,422
864,402,480,482
865,482,500,523
866,432,433,483
867,433,434,504
868,434,435,505
869,435,436,506
870,436,438,507
871,438,439,508
872,440,511,437
873,437,509,439
874,440,512,511
875,460,515,459
876,442,443,510
877,441,522,443
878,440,442,512
879,444,516,441
880,459,517,444
881,461,518,519
882,441,516,522
883,444,517,516
884,442,510,512
885,443,522,510
886,459,515,517
887,460,514,515
888,458,519,514
889,483,503,484
890,484,504,485
891,485,505,486
892,486,506,487
893,488,487,507
894,488,508,489
895,489,509,490
896,490,511,491
897,491,512,492
898,493,496,517
899,493,515,494
900,495,516,496
901,497,519,498
902,497,494,514
903,498,518,501
904,501,520,499
905,500,513,523
906,499,521,500
907,502,522,495
908,502,492,510
909,433,503,483
910,433,504,503
911,434,505,504
912,435,506,505
913,436,507,506
914,438,508,507
915,439,509,508
916,437,511,509
917,484,503,504
918,485,504,505
919,486,505,506
920,487,506,507
921,488,507,508
922,489,508,509
923,490,509,511
924,492,512,510
925,491,511,512
926,493,517,515
927,494,515,514
928,495,522,516
929,496,516,517
930,497,514,519
931,498,519,518
932,501,518,520
933,499,520,521
934,500,521,513
935,502,510,522
936,524,455,457
937,523,524,457
938,422,523,457
939,461,519,458
940,458,514,460
941,453,518,461
942,521,456,454
943,453,456,520
944,513,454,455
945,513,455,524
946,520,456,521
947,453,520,518
948,513,521,454
949,523,513,524
950,412,525,527
951,525,526,528
952,526,534,535
953,271,421,525
954,525,421,526
955,526,421,422
956,526,422,534
957,525,528,527
958,526,535,528
959,238,239,448
960,531,448,239
961,224,531,239
962,224,530,531
963,225,532,530
964,226,533,532
965,224,225,530
966,225,226,532
967,226,529,533
968,534,529,535
969,533,529,534
970,532,533,455
971,533,534,457
972,534,422,457
973,538,552,537
974,538,544,539
975,538,539,551
976,549,551,539
977,538,537,541
978,538,541,544
979,544,571,539
980,544,541,543
981,544,543,545
982,549,415,551
983,537,164,550
984,537,552,164
985,538,551,552
986,552,551,416
987,550,555,553
988,537,550,553
989,537,553,541
990,553,574,572
991,541,553,572
992,541,572,543
993,550,554,555
994,555,574,553
995,544,545,571
996,545,558,571
997,545,543,557
998,545,557,558
999,560,571,561
1000,561,571,564
1001,559,242,564
1002,561,564,227
1003,559,243,242
1004,559,214,243
1005,568,562,214
1006,559,568,214
1007,563,569,565
1008,563,568,569
1009,569,566,565
1010,563,562,568
1011,559,564,571
1012,559,571,568
1013,568,571,569
1014,569,571,570
1015,558,570,571
1016,558,557,567
1017,558,567,570
1018,569,570,566
1019,570,567,566
1020,543,572,573
1021,575,573,572
1022,543,573,557
1023,574,575,572
1024,575,579,573
1025,563,244,562
1026,563,565,245
1027,565,246,245
1028,565,576,246
1029,566,577,576
1030,573,579,578
1031,576,577,249
1032,577,578,250
1033,557,573,578
1034,557,578,567
1035,565,566,576
1036,566,567,577
1037,567,578,577
1038,250,578,579
1039,129,571,539
1040,287,129,539
1041,210,129,174
1042,210,212,129
1043,212,571,129
1044,276,272,129
1045,276,129,287
1046,287,539,325
1047,325,539,326
1048,326,539,378
1049,137,129,134
1050,137,142,129
1051,133,134,129
1052,133,129,146
1053,137,134,152
1054,137,152,160
1055,142,174,129
1056,137,161,142
1057,142,215,169
1058,133,148,134
1059,134,149,152
1060,146,129,253
1061,133,146,147
1062,133,147,148
1063,134,148,149
1064,152,149,153
1065,536,540,160
1066,137,160,161
1067,142,161,215
1068,540,161,160
1069,542,215,161
1070,540,542,161
1071,152,162,160
1072,152,153,162
1073,162,153,163
1074,536,160,162
1075,536,162,546
1076,546,162,163
1077,546,163,155
1078,547,155,156
1079,547,156,157
1080,548,157,158
1081,548,158,159
1082,549,159,409
1083,142,169,174
1084,169,170,174
1085,169,216,170
1086,170,184,174
1087,170,217,184
1088,169,215,216
1089,170,216,217
1090,556,216,215
1091,542,556,215
1092,560,217,216
1093,556,560,216
1094,253,129,273
1095,146,254,147
1096,147,256,148
1097,148,258,149
1098,149,259,153
1099,273,129,272
1100,146,253,254
1101,147,254,255
1102,147,255,256
1103,148,256,258
1104,149,258,259
1105,153,259,263
1106,263,288,264
1107,264,324,265
1108,265,304,266
1109,266,306,267
1110,267,307,403
1111,403,308,404
1112,404,310,405
1113,405,311,406
1114,406,319,407
1115,253,274,254
1116,254,275,255
1117,255,283,256
1118,256,284,258
1119,258,285,259
1120,253,273,274
1121,254,274,275
1122,255,275,277
1123,255,277,283
1124,256,283,284
1125,258,284,285
1126,259,285,286
1127,263,259,286
1128,263,286,288
1129,264,288,324
1130,265,324,304
1131,266,304,305
1132,266,305,306
1133,267,306,307
1134,403,307,308
1135,404,308,309
1136,404,309,310
1137,405,310,311
1138,406,311,319
1139,407,319,376
1140,153,263,163
1141,263,264,163
1142,264,265,155
1143,265,266,156
1144,266,267,156
1145,267,403,157
1146,403,404,158
1147,264,155,163
1148,265,156,155
1149,267,157,156
1150,403,158,157
1151,405,159,158
1152,404,405,158
1153,405,406,159
1154,406,407,409
1155,406,409,159
1156,536,539,540
1157,536,546,539
1158,547,548,539
1159,547,539,546
1160,548,549,539
1161,540,539,542
1162,542,539,556
1163,547,157,548
1164,548,159,549
1165,547,546,155
1166,556,539,571
1167,556,571,560
