resume_key,case_id,pattern,repeat,turn_index,issue_f1,evidence_f1,domain_coverage,verdict_score,quality
22838878a120bf2fa975981e4dc3fec07090c743906dd82b3de5c6da1aad1eca,case:04a6c65e0062caa0b40058e27d8587e16406bede4d473ea21b48bc8ba42f1f09,rr3,0,1,1.0,0.0,0.0,0.0,0.3
22838878a120bf2fa975981e4dc3fec07090c743906dd82b3de5c6da1aad1eca,case:04a6c65e0062caa0b40058e27d8587e16406bede4d473ea21b48bc8ba42f1f09,rr3,0,2,1.0,0.0,0.0,0.0,0.3
22838878a120bf2fa975981e4dc3fec07090c743906dd82b3de5c6da1aad1eca,case:04a6c65e0062caa0b40058e27d8587e16406bede4d473ea21b48bc8ba42f1f09,rr3,0,3,1.0,0.0,0.0,0.0,0.3
22838878a120bf2fa975981e4dc3fec07090c743906dd82b3de5c6da1aad1eca,case:04a6c65e0062caa0b40058e27d8587e16406bede4d473ea21b48bc8ba42f1f09,rr3,0,4,1.0,0.0,0.0,0.0,0.3
22838878a120bf2fa975981e4dc3fec07090c743906dd82b3de5c6da1aad1eca,case:04a6c65e0062caa0b40058e27d8587e16406bede4d473ea21b48bc8ba42f1f09,rr3,0,5,1.0,0.0,0.0,0.0,0.3
22838878a120bf2fa975981e4dc3fec07090c743906dd82b3de5c6da1aad1eca,case:04a6c65e0062caa0b40058e27d8587e16406bede4d473ea21b48bc8ba42f1f09,rr3,0,6,1.0,0.0,0.0,0.0,0.3
22838878a120bf2fa975981e4dc3fec07090c743906dd82b3de5c6da1aad1eca,case:04a6c65e0062caa0b40058e27d8587e16406bede4d473ea21b48bc8ba42f1f09,rr3,0,7,1.0,0.0,0.0,0.0,0.3
22838878a120bf2fa975981e4dc3fec07090c743906dd82b3de5c6da1aad1eca,case:04a6c65e0062caa0b40058e27d8587e16406bede4d473ea21b48bc8ba42f1f09,rr3,0,8,1.0,1.0,0.75,0.0,0.7000000000000001
22838878a120bf2fa975981e4dc3fec07090c743906dd82b3de5c6da1aad1eca,case:04a6c65e0062caa0b40058e27d8587e16406bede4d473ea21b48bc8ba42f1f09,rr3,0,9,1.0,1.0,0.75,0.0,0.7000000000000001
