resume_key,case_id,pattern,repeat,turn_index,subject_stage,decision_score,blocking_issue_f1,missing_evidence_f1
22838878a120bf2fa975981e4dc3fec07090c743906dd82b3de5c6da1aad1eca,case:04a6c65e0062caa0b40058e27d8587e16406bede4d473ea21b48bc8ba42f1f09,rr3,0,1,execution,0.0,1.0,0.0
22838878a120bf2fa975981e4dc3fec07090c743906dd82b3de5c6da1aad1eca,case:04a6c65e0062caa0b40058e27d8587e16406bede4d473ea21b48bc8ba42f1f09,rr3,0,2,execution,0.0,1.0,0.0
22838878a120bf2fa975981e4dc3fec07090c743906dd82b3de5c6da1aad1eca,case:04a6c65e0062caa0b40058e27d8587e16406bede4d473ea21b48bc8ba42f1f09,rr3,0,3,execution,0.0,1.0,0.0
22838878a120bf2fa975981e4dc3fec07090c743906dd82b3de5c6da1aad1eca,case:04a6c65e0062caa0b40058e27d8587e16406bede4d473ea21b48bc8ba42f1f09,rr3,0,4,execution,0.0,1.0,0.0
22838878a120bf2fa975981e4dc3fec07090c743906dd82b3de5c6da1aad1eca,case:04a6c65e0062caa0b40058e27d8587e16406bede4d473ea21b48bc8ba42f1f09,rr3,0,5,execution,0.0,1.0,0.0
22838878a120bf2fa975981e4dc3fec07090c743906dd82b3de5c6da1aad1eca,case:04a6c65e0062caa0b40058e27d8587e16406bede4d473ea21b48bc8ba42f1f09,rr3,0,6,execution,0.0,1.0,0.0
22838878a120bf2fa975981e4dc3fec07090c743906dd82b3de5c6da1aad1eca,case:04a6c65e0062caa0b40058e27d8587e16406bede4d473ea21b48bc8ba42f1f09,rr3,0,7,execution,0.0,1.0,0.0
22838878a120bf2fa975981e4dc3fec07090c743906dd82b3de5c6da1aad1eca,case:04a6c65e0062caa0b40058e27d8587e16406bede4d473ea21b48bc8ba42f1f09,rr3,0,8,execution,1.0,1.0,1.0
22838878a120bf2fa975981e4dc3fec07090c743906dd82b3de5c6da1aad1eca,case:04a6c65e0062caa0b40058e27d8587e16406bede4d473ea21b48bc8ba42f1f09,rr3,0,9,execution,1.0,1.0,1.0
