vertex_id,x,y,z
0,-8.15871301,-10.67115364,2.95889821
1,-9.49837139,-9.49837139,0.0
2,-8.66120114,-6.90518031,2.95889821
3,-6.67571487,-11.65645525,5.91779643
4,-7.67186294,-7.99002123,5.91779643
5,-9.49837139,-5.69902283,0.0
6,-9.49837139,-1.89967428,0.0
7,-9.16368926,-3.13920698,2.95889821
8,-8.66801102,-4.3235872,5.91779643
9,-9.6641591,-0.65715318,5.91779643
10,-4.39273968,-10.16866551,2.95889821
11,-5.69902283,-9.49837139,0.0
12,-1.89967428,-9.49837139,0.0
13,-0.62676635,-9.66617739,2.95889821
14,-3.00928084,-10.66030718,5.91779643
15,-5.69902283,-5.69902283,0.0
16,-5.69902283,-1.89967428,0.0
17,-1.89967428,-5.69902283,0.0
18,-1.89967428,-1.89967428,0.0
19,-8.02004519,-5.43200668,8.87669464
20,-7.23117583,-6.44499166,11.83559286
21,-9.49235197,-1.92952724,8.87669464
22,-9.15377448,-3.16800159,11.83559286
23,-10.9934876,-1.35689006,14.79449107
24,-8.65437506,-4.35081758,14.79449107
25,-8.54129599,-0.05568827,14.79449107
26,-8.51737692,-0.47871081,16.5
27,-7.13121295,-2.33157564,14.79449107
28,-7.28143184,-2.13930423,14.79449107
29,-6.86689911,-2.59122607,16.5
30,-7.98647336,-1.00136054,14.79449107
31,-7.83625447,-1.19363195,14.79449107
32,-7.69213802,-1.53496844,16.5
33,-5.07543162,-12.43696554,8.87669464
34,-3.38597853,-12.99897178,11.83559286
35,-6.54773841,-8.93448611,8.87669464
36,-5.30857718,-9.72198172,11.83559286
37,-1.57295219,-10.96465876,8.87669464
38,-0.10898847,-11.07637313,11.83559286
39,-3.97614999,-10.33867262,14.79449107
40,-6.31526253,-7.3447451,14.79449107
41,-1.63703745,-13.33260014,14.79449107
42,-0.98222247,-7.99956008,14.79449107
43,-5.87134881,-4.4151916,14.79449107
44,-6.42617143,-3.46951933,14.79449107
45,-5.72112992,-4.60746301,14.79449107
46,-6.04166021,-3.6474837,16.5
47,-5.21642131,-4.70374133,16.5
48,-4.77545764,-4.05264038,14.79449107
49,-4.58318623,-3.90242149,14.79449107
50,-3.63751395,-3.34759886,14.79449107
51,-4.16016368,-3.87850243,16.5
52,-6.57639032,-3.27724792,14.79449107
53,-5.81064149,-1.76598717,16.5
54,-6.63588039,-0.70972954,16.5
55,-3.44524254,-3.19737998,14.79449107
56,-4.98540258,-2.8222448,16.5
57,-3.92914496,-1.99700589,16.5
58,-4.75438386,-0.94074827,16.5
59,-3.69812623,-0.11550936,16.5
60,-3.32133501,-5.00563256,14.79449107
61,-2.49957027,-2.64255735,14.79449107
62,-2.30729886,-2.49233846,14.79449107
63,-3.10390605,-3.05326352,16.5
64,-2.04764842,-2.22802462,16.5
65,-2.87288733,-1.17176699,16.5
66,-1.8166297,-0.34652809,16.5
67,-1.36162658,-1.93751583,14.79449107
68,-1.16935517,-1.78729694,14.79449107
69,-0.32740749,-2.66652003,14.79449107
70,-0.22368289,-1.23247431,14.79449107
71,-0.03141148,-1.08225542,14.79449107
72,-0.58623411,-0.13658314,14.79449107
73,-0.9913908,-1.40278572,16.5
74,-10.16866551,4.39273968,2.95889821
75,-9.49837139,1.89967428,0.0
76,-9.66617739,0.62676635,2.95889821
77,-9.49837139,5.69902283,0.0
78,-10.66030718,3.00928084,5.91779643
79,-10.67115364,8.15871301,2.95889821
80,-9.49837139,9.49837139,0.0
81,-6.90518031,8.66120114,2.95889821
82,-11.65645525,6.67571487,5.91779643
83,-7.99002123,7.67186294,5.91779643
84,-5.69902283,1.89967428,0.0
85,-5.69902283,5.69902283,0.0
86,-1.89967428,1.89967428,0.0
87,-1.89967428,5.69902283,0.0
88,-5.69902283,9.49837139,0.0
89,-1.89967428,9.49837139,0.0
90,-3.13920698,9.16368926,2.95889821
91,-4.3235872,8.66801102,5.91779643
92,-0.65715318,9.6641591,5.91779643
93,-10.96465876,1.57295219,8.87669464
94,-11.07637313,0.10898847,11.83559286
95,-12.43696554,5.07543162,8.87669464
96,-12.99897178,3.38597853,11.83559286
97,-8.93448611,6.54773841,8.87669464
98,-9.72198172,5.30857718,11.83559286
99,-13.33260014,1.63703745,14.79449107
100,-10.33867262,3.97614999,14.79449107
101,-9.24633751,1.08225542,14.79449107
102,-8.69151488,0.13658314,14.79449107
103,-9.0540661,1.23247431,14.79449107
104,-9.34261582,0.57754681,16.5
105,-8.2863582,1.40278572,16.5
106,-7.46111929,0.34652809,16.5
107,-8.10839382,1.78729694,14.79449107
108,-7.91612241,1.93751583,14.79449107
109,-6.97045013,2.49233846,14.79449107
110,-6.77817873,2.64255735,14.79449107
111,-7.23010057,2.22802462,16.5
112,-7.3447451,6.31526253,14.79449107
113,-6.40486166,1.17176699,16.5
114,-5.57962276,0.11550936,16.5
115,-5.83250645,3.19737998,14.79449107
116,-6.17384294,3.05326352,16.5
117,-5.34860404,1.99700589,16.5
118,-4.52336513,0.94074827,16.5
119,-4.29234641,2.8222448,16.5
120,-3.4671075,1.76598717,16.5
121,-5.64023504,3.34759886,14.79449107
122,-5.11758531,3.87850243,16.5
123,-4.69456276,3.90242149,14.79449107
124,-4.50229135,4.05264038,14.79449107
125,-3.40640019,4.4151916,14.79449107
126,-3.55661907,4.60746301,14.79449107
127,-4.06132768,4.70374133,16.5
128,-2.6418686,0.70972954,16.5
129,-2.70135867,3.27724792,14.79449107
130,-2.14653604,2.33157564,14.79449107
131,-1.99631715,2.13930423,14.79449107
132,-2.41084988,2.59122607,16.5
133,-1.29127563,1.00136054,14.79449107
134,-1.44149452,1.19363195,14.79449107
135,-0.736453,0.05568827,14.79449107
136,-1.58561097,1.53496844,16.5
137,-0.76037207,0.47871081,16.5
138,-2.85157756,3.46951933,14.79449107
139,-3.23608878,3.6474837,16.5
140,-2.01170505,5.66044755,14.79449107
141,-5.43200668,8.02004519,8.87669464
142,-6.44499166,7.23117583,11.83559286
143,-1.92952724,9.49235197,8.87669464
144,-3.16800159,9.15377448,11.83559286
145,-4.35081758,8.65437506,14.79449107
146,-1.35689006,10.9934876,14.79449107
147,1.89967428,-9.49837139,0.0
148,3.13920698,-9.16368926,2.95889821
149,5.69902283,-9.49837139,0.0
150,0.65715318,-9.6641591,5.91779643
151,4.3235872,-8.66801102,5.91779643
152,1.89967428,-5.69902283,0.0
153,1.89967428,-1.89967428,0.0
154,5.69902283,-5.69902283,0.0
155,5.69902283,-1.89967428,0.0
156,9.49837139,-9.49837139,0.0
157,6.90518031,-8.66120114,2.95889821
158,10.67115364,-8.15871301,2.95889821
159,7.99002123,-7.67186294,5.91779643
160,11.65645525,-6.67571487,5.91779643
161,9.49837139,-5.69902283,0.0
162,9.49837139,-1.89967428,0.0
163,9.66617739,-0.62676635,2.95889821
164,10.16866551,-4.39273968,2.95889821
165,10.66030718,-3.00928084,5.91779643
166,1.92952724,-9.49235197,8.87669464
167,3.16800159,-9.15377448,11.83559286
168,5.43200668,-8.02004519,8.87669464
169,6.44499166,-7.23117583,11.83559286
170,1.35689006,-10.9934876,14.79449107
171,4.35081758,-8.65437506,14.79449107
172,2.01170505,-5.66044755,14.79449107
173,0.06486683,-0.57754681,16.5
174,2.66652003,-0.32740749,14.79449107
175,5.00563256,-3.32133501,14.79449107
176,8.93448611,-6.54773841,8.87669464
177,9.72198172,-5.30857718,11.83559286
178,12.43696554,-5.07543162,8.87669464
179,12.99897178,-3.38597853,11.83559286
180,10.96465876,-1.57295219,8.87669464
181,11.07637313,-0.10898847,11.83559286
182,7.3447451,-6.31526253,14.79449107
183,7.99956008,-0.98222247,14.79449107
184,10.33867262,-3.97614999,14.79449107
185,13.33260014,-1.63703745,14.79449107
186,1.89967428,1.89967428,0.0
187,1.89967428,5.69902283,0.0
188,5.69902283,1.89967428,0.0
189,5.69902283,5.69902283,0.0
190,1.89967428,9.49837139,0.0
191,0.62676635,9.66617739,2.95889821
192,5.69902283,9.49837139,0.0
193,4.39273968,10.16866551,2.95889821
194,3.00928084,10.66030718,5.91779643
195,9.49837139,1.89967428,0.0
196,9.16368926,3.13920698,2.95889821
197,9.49837139,5.69902283,0.0
198,9.6641591,0.65715318,5.91779643
199,8.66801102,4.3235872,5.91779643
200,9.49837139,9.49837139,0.0
201,8.66120114,6.90518031,2.95889821
202,8.15871301,10.67115364,2.95889821
203,7.67186294,7.99002123,5.91779643
204,6.67571487,11.65645525,5.91779643
205,0.32740749,2.66652003,14.79449107
206,3.32133501,5.00563256,14.79449107
207,5.66044755,2.01170505,14.79449107
208,1.57295219,10.96465876,8.87669464
209,0.10898847,11.07637313,11.83559286
210,6.54773841,8.93448611,8.87669464
211,5.30857718,9.72198172,11.83559286
212,5.07543162,12.43696554,8.87669464
213,3.38597853,12.99897178,11.83559286
214,0.98222247,7.99956008,14.79449107
215,1.63703745,13.33260014,14.79449107
216,6.31526253,7.3447451,14.79449107
217,3.97614999,10.33867262,14.79449107
218,9.49235197,1.92952724,8.87669464
219,9.15377448,3.16800159,11.83559286
220,8.02004519,5.43200668,8.87669464
221,7.23117583,6.44499166,11.83559286
222,8.65437506,4.35081758,14.79449107
223,10.9934876,1.35689006,14.79449107
